sandy,223
storm,96
hurricane,92
hurricanesandy,36
chance,27
frankenstorm,24
new,23
pm,23
power,23
w,22
nyc,20
tonight,20
nj,18
forecast,18
get,17
hi,17
ny,17
lo,17
still,17
th,17
time,17
today,16
like,16
going,16
one,15
house,15
back,15
city,13
others,13
rt,12
home,12
park,12
york,10
day,10
ok,10
see,10
hope,9
stay,9
wind,9
east,9
way,9
right,9
tuesday,9
rain,9
manhattan,9
weather,9
post,9
island,8
food,8
take,8
apocalypse,8
go,8
safe,8
west,8
really,8
na,8
come,8
crazy,8
u,8
aug,8
big,8
oh,8
warning,7
jul,7
everyone,7
hey,7
week,7
outside,7
showers,7
jersey,7
love,7
wish,7
tree,7
brooklyn,7
could,7
good,7
people,7
think,7
school,7
water,7
lol,6
long,6
severe,6
us,6
help,6
bed,6
work,6
bad,6
staten,6
gonna,6
lost,6
edt,6
least,6
hoboken,6
center,6
fuck,6
night,6
july,6
scary,6
would,6
another,6
storms,6
gas,6
next,6
last,6
hit,6
coast,6
year,5
need,5
monday,5
church,5
thanks,5
trying,5
may,5
fri,5
beer,5
went,5
winds,5
aftermath,5
tomorrow,5
flooded,5
know,5
winter,5
days,5
show,5
open,5
md,5
bridge,5
downtown,5
feeling,5
high,5
party,5
getting,5
well,5
bitch,5
say,5
side,5
feel,5
many,5
town,5
thunderstorm,5
game,4
due,4
ocean,4
end,4
saturday,4
n,4
postsandy,4
dc,4
give,4
watching,4
football,4
anything,4
sea,4
snow,4
issued,4
pray,4
morning,4
kinda,4
calm,4
mon,4
hill,4
thing,4
store,4
want,4
close,4
pic,4
old,4
first,4
street,4
makes,4
pressure,4
coming,4
table,4
low,4
bit,4
ready,4
unemployment,4
lower,4
hurricanes,4
gotta,4
damn,4
please,4
life,4
shit,4
heading,4
sounds,4
sat,4
sandyhelp,4
lake,4
best,4
nws,4
damage,4
fuckyousandy,4
picture,4
already,4
two,3
made,3
thinks,3
subway,3
im,3
landfall,3
b,3
much,3
surface,3
hanging,3
drinking,3
bring,3
f,3
seen,3
nd,3
victims,3
likely,3
use,3
halloween,3
hotel,3
tue,3
fucking,3
needed,3
never,3
thunderstorms,3
relief,3
making,3
keep,3
starting,3
update,3
harbor,3
pretty,3
pa,3
fb,3
kids,3
central,3
electricity,3
crap,3
beach,3
strong,3
hurricaneproblems,3
wait,3
county,3
hate,3
seriously,3
run,3
full,3
hard,3
near,3
jerseystrong,3
walk,3
following,3
heavy,3
fire,3
set,3
sun,3
flood,3
might,3
college,3
awesome,3
blackout,3
sleep,3
square,3
enough,3
stock,3
view,3
thank,3
anyone,3
thankssandy,3
scared,3
stop,3
less,3
yorkers,3
watch,3
even,3
prep,3
bar,3
closed,3
blew,3
trees,3
battery,3
stations,3
everything,3
weekend,3
okay,3
waiting,3
taking,3
casa,3
train,3
miles,3
friends,3
recovery,3
reasons,3
business,3
building,3
officially,3
sleeping,3
bored,3
lines,3
far,3
tell,3
got,3
drop,3
harlem,3
team,3
affected,3
volunteer,3
said,3
astoria,3
south,3
tv,3
left,3
man,3
detours,3
sucks,3
st,3
check,3
listening,3
goes,3
lunch,3
sunday,3
deal,3
isle,2
wow,2
lincoln,2
somewhere,2
place,2
lose,2
wall,2
shake,2
dad,2
northern,2
wildwood,2
every,2
yesterday,2
hr,2
headed,2
reade,2
buy,2
evacuate,2
bag,2
canarsie,2
chase,2
hype,2
together,2
cool,2
frankenstormpocalypse,2
homeless,2
helpsi,2
yeah,2
around,2
clothes,2
mom,2
road,2
clock,2
episode,2
fuckme,2
tweet,2
fucksandy,2
police,2
thought,2
bottom,2
reported,2
wed,2
sitting,2
mass,2
plenty,2
broadway,2
let,2
sivolunteer,2
valley,2
three,2
apartment,2
upper,2
ice,2
h,2
sandyinphilly,2
cut,2
block,2
midtown,2
spuyten,2
statenisland,2
creek,2
pants,2
nice,2
republicans,2
sep,2
october,2
quiet,2
en,2
finally,2
cloudy,2
bullshit,2
sandyhook,2
onto,2
hot,2
locked,2
sirecovers,2
gray,2
needs,2
something,2
tho,2
mall,2
almost,2
either,2
dinner,2
skate,2
cancelled,2
glad,2
prayers,2
gusts,2
comin,2
years,2
ct,2
believe,2
boys,2
sag,2
rockaways,2
dollar,2
classes,2
cuz,2
office,2
situation,2
emergency,2
shooting,2
someone,2
floor,2
lots,2
yet,2
move,2
connecticut,2
scattered,2
remember,2
cape,2
cuddle,2
reliefeffort,2
papaya,2
dont,2
blown,2
hour,2
p,2
areas,2
soon,2
turnpike,2
look,2
four,2
nopower,2
darkness,2
hits,2
woke,2
able,2
streets,2
effects,2
superstorm,2
service,2
else,2
gear,2
nights,2
busy,2
public,2
kt,2
board,2
looking,2
done,2
mark,2
batteries,2
things,2
roof,2
residents,2
dry,2
episcopal,2
longer,2
neighbors,2
washington,2
enjoy,2
pier,2
oops,2
away,2
cuming,2
calls,2
probably,2
date,2
ground,2
worried,2
drive,2
sandynj,2
waterfront,2
sirens,2
duane,2
dog,2
sandys,2
nbc,2
always,2
co,2
glen,2
burnie,2
benefit,2
bye,2
little,2
fxck,2
field,2
actually,2
duyvil,2
friday,2
live,2
grille,2
came,2
c,2
laptop,2
packanack,2
make,2
red,2
coverage,2
eye,2
crane,2
tropical,2
great,2
card,2
camp,2
generator,2
ohio,2
linden,2
pissed,2
play,2
rest,2
deck,2
lot,2
surge,2
preparation,2
million,2
flooding,2
hearing,2
stuck,2
nature,2
supplies,2
nowhere,2
zone,2
chelsea,2
debris,2
da,2
twitter,2
read,2
sweet,2
christie,2
sandydc,2
fam,2
comes,2
riding,2
miss,2
raging,2
light,2
air,2
e,2
behind,2
alexandria,2
partly,2
current,2
sure,2
cabinfever,2
hopefully,2
r,2
serious,2
brother,2
ass,2
feet,2
towards,2
window,2
hahah,2
instead,2
without,2
fresh,2
citrus,2
top,2
cold,2
feels,2
lawn,2
beautiful,2
chevy,2
happen,2
bread,2
sandyvolunteer,2
refugees,2
took,2
surging,1
spirits,1
experimental,1
burke,1
gearon,1
hurry,1
breakfast,1
inconvenienced,1
rhondalucky,1
cast,1
amirite,1
spring,1
totally,1
thingsineedforahurricane,1
chief,1
maryland,1
bible,1
add,1
stronger,1
father,1
exercise,1
states,1
secret,1
area,1
nov,1
suck,1
needgas,1
management,1
prez,1
timburton,1
museum,1
preparing,1
gathered,1
checking,1
treating,1
de,1
goodness,1
covering,1
jax,1
head,1
impressive,1
gov,1
singlegirlproblems,1
singing,1
nycbound,1
continues,1
certainly,1
collapsed,1
boarded,1
doubt,1
macau,1
planning,1
teach,1
leaves,1
chamorro,1
greenschools,1
bk,1
diner,1
starmeals,1
armory,1
ctr,1
wet,1
chick,1
min,1
neighbor,1
council,1
firstworldproblems,1
news,1
obama,1
jobbar,1
complete,1
choice,1
search,1
plates,1
thankyaaaaaa,1
prostart,1
lic,1
tells,1
stil,1
walking,1
looks,1
picking,1
hydrated,1
moviemara,1
leaving,1
evacuees,1
disturbingly,1
god,1
within,1
program,1
xwt,1
arroway,1
branded,1
rescued,1
toys,1
tough,1
meatloaf,1
supperclubsforsandy,1
troop,1
fool,1
sandycorners,1
tracking,1
deco,1
person,1
leland,1
june,1
lightning,1
oj,1
plan,1
invasion,1
sandynotfair,1
skatt,1
arms,1
zero,1
fic,1
ing,1
battendown,1
seriouslysandy,1
sheraton,1
star,1
article,1
riiiight,1
guess,1
willoughby,1
hating,1
chuck,1
bout,1
ascell,1
thanksgiving,1
rob,1
didnt,1
bay,1
applied,1
saving,1
debauchery,1
creaking,1
flyer,1
oxford,1
stream,1
mouth,1
sighted,1
sisters,1
photographic,1
shotsfromsandy,1
jerseyians,1
soup,1
waking,1
american,1
crack,1
va,1
nothing,1
opportunity,1
damnnn,1
grocery,1
organized,1
cameras,1
reporter,1
picked,1
vmsc,1
amount,1
paddy,1
wegman,1
whateverittakes,1
pub,1
cycles,1
slightly,1
called,1
desoto,1
volunteers,1
cought,1
hosts,1
wreck,1
gunna,1
badge,1
journalist,1
bet,1
iselinmusic,1
tweeting,1
community,1
sky,1
daddypostsandy,1
brunt,1
beside,1
door,1
democrats,1
stormed,1
futility,1
safety,1
aj,1
later,1
castle,1
middle,1
seasonal,1
seeing,1
conference,1
fans,1
indian,1
decides,1
posible,1
prayersfornewton,1
shelters,1
patchy,1
skyview,1
pics,1
sandycleanup,1
puppy,1
bistro,1
stomach,1
lde,1
tweegram,1
super,1
innocent,1
nargis,1
reilly,1
gust,1
company,1
artists,1
leak,1
packed,1
durin,1
kuz,1
casero,1
lovemylife,1
wednesday,1
entertained,1
excited,1
wreckoning,1
boreanaz,1
springlake,1
dilemma,1
elohim,1
cabin,1
dublin,1
warmer,1
dom,1
rainstorm,1
tweetedfakenews,1
skull,1
supperclubs,1
interview,1
point,1
laundry,1
stuff,1
foodfordays,1
bestbuy,1
virginia,1
arizona,1
ceiling,1
children,1
shutting,1
lame,1
pong,1
uncomfy,1
pass,1
romcoms,1
ugh,1
families,1
teller,1
internet,1
funny,1
rather,1
prettysweet,1
outrageous,1
covered,1
imperial,1
delta,1
trauma,1
cleaning,1
women,1
windows,1
performer,1
adult,1
escape,1
holland,1
tired,1
prefer,1
chili,1
local,1
shuttered,1
lying,1
ish,1
entire,1
outlets,1
trails,1
purchase,1
lifetime,1
aid,1
seems,1
second,1
coastal,1
hudson,1
ratings,1
leave,1
dikes,1
skeleton,1
recession,1
obvious,1
postpone,1
step,1
evening,1
hk,1
lovely,1
sangria,1
iadmitit,1
weired,1
jaysocutee,1
hoe,1
innovators,1
kmt,1
crazygirlprobs,1
srsly,1
alley,1
drying,1
powered,1
lives,1
piece,1
wheredotheycomefrom,1
drawing,1
cecilcounty,1
radio,1
ruined,1
thru,1
front,1
whore,1
knicks,1
robbie,1
cma,1
squash,1
eating,1
songsaboutsandy,1
carbonara,1
inundaci,1
smoking,1
exchange,1
sign,1
poisoning,1
linda,1
walt,1
latin,1
unstable,1
special,1
newjersery,1
boss,1
floors,1
gardens,1
bush,1
kevin,1
sand,1
braving,1
sandyrelief,1
getatme,1
floral,1
knock,1
clever,1
weathering,1
india,1
craps,1
scriptures,1
gnarly,1
spot,1
leary,1
roll,1
also,1
acoustic,1
hazlet,1
better,1
sad,1
northstar,1
disaster,1
kind,1
clifton,1
juice,1
woooo,1
derecho,1
putting,1
bowery,1
court,1
rawk,1
icecream,1
require,1
since,1
newport,1
personnel,1
relax,1
architecture,1
lynch,1
fauxnews,1
mention,1
usual,1
homework,1
lapse,1
pond,1
bringit,1
wine,1
economy,1
lynn,1
tha,1
die,1
carroll,1
warehouse,1
gothic,1
potus,1
dell,1
lipa,1
stout,1
bruno,1
ghost,1
newcastlede,1
security,1
treat,1
tanks,1
effective,1
gryffinpour,1
littlekidtweet,1
wondering,1
loud,1
superstormsandy,1
cover,1
pile,1
thumb,1
similiar,1
literally,1
thatsafirst,1
cozy,1
rode,1
borrowing,1
whitman,1
hahaa,1
alarm,1
plainfield,1
mentions,1
hand,1
story,1
dope,1
fave,1
sandystillsucks,1
books,1
festivities,1
dead,1
takes,1
ne,1
bellmore,1
studio,1
statue,1
oriolesmagic,1
happy,1
rats,1
says,1
rolling,1
fm,1
sustenance,1
cpstorm,1
geez,1
scene,1
imma,1
notepad,1
doin,1
impressed,1
heat,1
richmond,1
mane,1
lionshead,1
lightsout,1
wanna,1
language,1
cost,1
beth,1
minimum,1
mess,1
chester,1
died,1
maybe,1
nofilter,1
israeli,1
tndo,1
blizzardnoreasrern,1
shut,1
skinner,1
stormprep,1
reporting,1
frogs,1
apartme,1
february,1
nonna,1
sandycantholdmebk,1
carbon,1
isabella,1
fema,1
saw,1
pavilion,1
cancels,1
social,1
concerned,1
letsstartdrinking,1
rom,1
dieting,1
tear,1
ingnycm,1
chicken,1
web,1
mineola,1
greenpoint,1
crazyness,1
gone,1
pounds,1
newtown,1
bellrose,1
americatimes,1
delaware,1
katrina,1
speed,1
gettindirty,1
bruce,1
press,1
forrest,1
rippin,1
ikv,1
haha,1
mix,1
hellskitchen,1
flipped,1
malloy,1
marthasvineyard,1
scare,1
weeks,1
fuckittho,1
cruekid,1
funday,1
atmosphere,1
losing,1
older,1
sandyinnyc,1
champ,1
suv,1
elevations,1
ems,1
collecting,1
dismisses,1
eagles,1
cans,1
grand,1
listen,1
stormsandy,1
governor,1
locusts,1
lirr,1
sticker,1
yo,1
refugee,1
yoy,1
miami,1
souther,1
fully,1
mimosas,1
turn,1
delicious,1
nothin,1
small,1
homage,1
wins,1
ago,1
eat,1
fullweekoff,1
mb,1
toilet,1
boo,1
mini,1
sports,1
alone,1
perfect,1
though,1
state,1
region,1
cat,1
towers,1
driving,1
collegeville,1
tide,1
fleet,1
scarsdale,1
thunderdome,1
heathen,1
department,1
abode,1
moon,1
adults,1
aint,1
homes,1
holding,1
alert,1
hipster,1
slater,1
sandysea,1
dose,1
organic,1
billmurray,1
rabbit,1
savetheshoes,1
basement,1
neverchanging,1
ber,1
roc,1
reason,1
rush,1
screw,1
bear,1
profit,1
superstar,1
rained,1
orange,1
sit,1
stillnopower,1
sonotkidding,1
mcdonald,1
crappy,1
rough,1
issue,1
division,1
imissmyhurricanebreak,1
assessment,1
passed,1
panicking,1
straight,1
darksky,1
onwards,1
restoration,1
sandyny,1
umbrella,1
donate,1
rainysunday,1
oblivious,1
wil,1
newnormal,1
retrograded,1
blowing,1
sandies,1
stranded,1
gallon,1
happyhalloweenie,1
bright,1
media,1
missing,1
third,1
woah,1
lansdale,1
por,1
photoaday,1
beyond,1
rowayton,1
prayersforconnecticut,1
mirchoff,1
stories,1
decided,1
dough,1
meant,1
grandma,1
giant,1
luxury,1
fending,1
miriam,1
flatiron,1
roofs,1
sayin,1
cashar,1
twc,1
control,1
hands,1
improvement,1
announcement,1
carb,1
weird,1
roving,1
cuddlez,1
cheese,1
vodka,1
wildin,1
impending,1
rock,1
possible,1
class,1
president,1
clean,1
bogota,1
university,1
aimed,1
wash,1
blowin,1
grimm,1
inlet,1
wild,1
awkward,1
nn,1
tavern,1
julie,1
forgot,1
ha,1
walmart,1
moving,1
harrison,1
j,1
credit,1
guy,1
somethin,1
muaaahahaha,1
direction,1
dealing,1
bow,1
skatepark,1
saying,1
armageddon,1
trapped,1
victoria,1
half,1
respect,1
mines,1
round,1
roxbury,1
creepy,1
fridge,1
dressing,1
bummed,1
visits,1
teeth,1
lowe,1
uhwhat,1
deserted,1
jenna,1
coms,1
plans,1
skateboarding,1
luck,1
approaches,1
dark,1
compound,1
asleep,1
shmurricane,1
orlando,1
alexandriava,1
impact,1
jokes,1
cerrar,1
call,1
rockefeller,1
parents,1
amen,1
fucked,1
grind,1
busier,1
irene,1
trucks,1
soa,1
different,1
ping,1
microwave,1
perfectstorm,1
fog,1
tune,1
township,1
lowpatience,1
concert,1
doodle,1
lettuce,1
dat,1
njgas,1
tanning,1
yaay,1
falling,1
outages,1
words,1
boards,1
sugar,1
world,1
presbyterian,1
waited,1
bringback,1
op,1
castaneda,1
roadtrip,1
dam,1
charging,1
buddies,1
underside,1
pulp,1
helpsandy,1
lawns,1
highlands,1
indoors,1
k,1
hunch,1
vino,1
msg,1
teacher,1
along,1
falls,1
forward,1
pawx,1
neighborhood,1
romney,1
list,1
dafuck,1
roulette,1
bkvegan,1
laying,1
fifth,1
panic,1
onlytwohitsleft,1
outta,1
foood,1
gmafb,1
inspiration,1
murdered,1
baryshnikov,1
pasta,1
wont,1
pocono,1
putnam,1
guido,1
lmfaooo,1
approaching,1
confusing,1
chaser,1
assuming,1
paying,1
naming,1
hurricanesandynight,1
via,1
greenfieldma,1
page,1
word,1
noreaster,1
excusemewhileibuildmyark,1
photos,1
sandysucks,1
interact,1
hunkering,1
dart,1
earthquakes,1
idealist,1
workout,1
nervous,1
scorpions,1
breeze,1
damper,1
leaved,1
forever,1
start,1
staying,1
opening,1
impatiently,1
wife,1
prob,1
aspen,1
merion,1
praying,1
apbio,1
wegmans,1
lucky,1
century,1
ilovemyboys,1
upd,1
sandyde,1
mine,1
hittin,1
terror,1
suffolk,1
queens,1
baby,1
shop,1
instagram,1
girl,1
sticking,1
bucks,1
bill,1
fuckin,1
overreact,1
mother,1
hyped,1
stormy,1
threw,1
wake,1
shelly,1
bc,1
grid,1
fell,1
crazyy,1
waverly,1
adventuretime,1
em,1
uws,1
informed,1
perhaps,1
ur,1
nogas,1
hammer,1
frankenweenie,1
functioning,1
iv,1
worst,1
dock,1
bestcousins,1
thankful,1
wooo,1
lls,1
advance,1
sandyaid,1
folks,1
grapefruit,1
swaying,1
les,1
hookah,1
chaos,1
screwed,1
previous,1
lmaooo,1
north,1
odd,1
smoke,1
impose,1
proceeds,1
someeee,1
aisle,1
brainstorming,1
sandyyousuck,1
proof,1
switching,1
childen,1
northeastern,1
delaying,1
thx,1
whiskey,1
catching,1
suits,1
bikeforbobby,1
weed,1
candle,1
pacific,1
therewasahurricane,1
ligas,1
backup,1
meatballs,1
giantslosses,1
exhausted,1
manhat,1
sodas,1
iphoneonly,1
hole,1
wishes,1
sounded,1
beefin,1
keefe,1
cooking,1
fall,1
yoga,1
prepared,1
helicopter,1
travels,1
brothers,1
items,1
thefuck,1
crew,1
easter,1
domino,1
studiofeast,1
classic,1
birthday,1
xo,1
max,1
whack,1
video,1
oldhouse,1
westminster,1
cuza,1
comfort,1
freezing,1
wires,1
mama,1
blizzard,1
firemen,1
pdx,1
holler,1
helping,1
liberty,1
id,1
bloomberg,1
btw,1
pre,1
car,1
photo,1
precariously,1
tracks,1
stressed,1
transformers,1
face,1
facebook,1
cforecast,1
brought,1
skyscraper,1
donations,1
america,1
currently,1
tone,1
translator,1
aye,1
havoc,1
peeing,1
blow,1
smellslikeheaven,1
drinkin,1
titi,1
excuse,1
act,1
nonstop,1
tomyfuturewife,1
ellis,1
met,1
shookone,1
afternoon,1
western,1
newspaper,1
proud,1
earned,1
edgar,1
dayaftersandy,1
powerlines,1
pecan,1
whacker,1
southeastern,1
policy,1
staaaay,1
major,1
newjer,1
avenue,1
restoretheshore,1
aftermathpocalypse,1
cafe,1
safefromsandy,1
searching,1
staring,1
localized,1
rbny,1
faster,1
including,1
apply,1
fallen,1
capture,1
wines,1
hurricaneparty,1
ahead,1
cable,1
wisdom,1
pakistanihurricanenames,1
loda,1
nowplaying,1
china,1
drinks,1
surf,1
smh,1
casualty,1
milk,1
meeting,1
avett,1
baltimore,1
taco,1
corner,1
hiding,1
fist,1
early,1
joe,1
wegs,1
enjoying,1
guys,1
l,1
nevereseenthatbefore,1
amazing,1
hoping,1
hurricanesandyproblems,1
attempting,1
weitzman,1
boardwalk,1
blame,1
empty,1
oyster,1
goodbye,1
pool,1
claims,1
considered,1
merritt,1
oppsy,1
honestly,1
beecareful,1
lie,1
shore,1
sandywho,1
awk,1
fml,1
deep,1
devastation,1
potatoes,1
sandynantucket,1
njsandy,1
madd,1
fitness,1
xbox,1
uh,1
iup,1
manhunt,1
rely,1
blaming,1
homeownersinsurance,1
weatherman,1
paceu,1
number,1
struggles,1
stocked,1
morgana,1
working,1
datswhyyoumad,1
ambulance,1
dj,1
clearing,1
care,1
headache,1
solar,1
igers,1
breaking,1
ol,1
dan,1
x,1
com,1
remain,1
bell,1
licking,1
inches,1
damnnatureyouscary,1
tch,1
ketel,1
hockey,1
highest,1
important,1
industry,1
pleased,1
tuckerton,1
grilled,1
possibility,1
landed,1
mixologywin,1
flashlight,1
restaurant,1
altering,1
process,1
newyorkcit,1
missin,1
drinksfordays,1
camco,1
gump,1
eeeeeeast,1
gave,1
hobokensandy,1
watched,1
brushing,1
vocalists,1
conditions,1
woohoo,1
durp,1
music,1
river,1
betty,1
visit,1
sledge,1
netflix,1
wiyy,1
peeps,1
orleans,1
surfing,1
tossed,1
nooo,1
closer,1
congregation,1
living,1
noooooo,1
windy,1
killing,1
loaves,1
pictures,1
sandypa,1
puts,1
joinus,1
ed,1
shitsgettinreal,1
agree,1
swag,1
possibly,1
mittens,1
nostrand,1
rebuildsi,1
swing,1
survey,1
comenzando,1
angelik,1
asses,1
ave,1
hurrican,1
priorities,1
ps,1
powers,1
normal,1
snowstorm,1
flashlights,1
sister,1
anytime,1
megamedia,1
homealone,1
charity,1
binghamton,1
ihop,1
encerrada,1
sosickofspendingmoneyoncabrides,1
info,1
pound,1
legitbirthday,1
hello,1
shook,1
financial,1
chevrolet,1
liquor,1
voorhees,1
fabulous,1
tooo,1
stuart,1
realisation,1
darkest,1
stupid,1
showing,1
uptown,1
valleys,1
poopin,1
capp,1
handy,1
repair,1
sohardtogetgas,1
monoxide,1
firefighter,1
limbs,1
mercer,1
military,1
national,1
gained,1
facade,1
dyckman,1
pay,1
hurricaneparties,1
times,1
deeper,1
survivingsandy,1
sk,1
gardner,1
neles,1
clarify,1
mtv,1
familyguy,1
takeout,1
throw,1
grocer,1
cablevision,1
racine,1
bumber,1
indeed,1
sandyva,1
minutes,1
willow,1
cross,1
december,1
piers,1
safeway,1
random,1
tom,1
emporium,1
hair,1
westside,1
mselpropagandan,1
devastated,1
kit,1
priviledged,1
processes,1
shower,1
mad,1
attention,1
ate,1
slow,1
waitin,1
noise,1
v,1
lagoon,1
werewolves,1
hancock,1
lluvias,1
expect,1
quoting,1
brilliant,1
heart,1
yes,1
fuckouttahere,1
model,1
deadly,1
election,1
ccsu,1
prime,1
trick,1
ever,1
remnants,1
dumb,1
conservatism,1
family,1
sihelp,1
skr,1
short,1
distracted,1
asplundt,1
labor,1
decent,1
spectacular,1
glass,1
hours,1
send,1
vocals,1
lets,1
union,1
njshore,1
casual,1
drunk,1
pennsylvania,1
xoxo,1
flyers,1
hilarious,1
donated,1
cc,1
sent,1
joke,1
coffins,1
part,1
unleashed,1
martha,1
snowday,1
isaac,1
mph,1
deroofed,1
promenade,1
las,1
newsstand,1
sold,1
wetter,1
noschool,1
keepingitsimple,1
cars,1
cheers,1
ruin,1
plus,1
arts,1
change,1
rescues,1
bff,1
hurts,1
expected,1
needabeer,1
five,1
speedy,1
pickles,1
guardsmen,1
guna,1
